id,name,location,edms_id,building_type_id,connection_type_id,location_x,location_y,feeder_id,consumer_category_id,created_at,updated_at,energy_program_id
1,ICCS smart plug_power,"Zografou, Athens",FibaroPlug02_power,3,,37.97954,23.78335,"",2,2018-07-03 09:17:20 UTC,2018-07-04 07:57:06 UTC,
2,ICCS lab_power,"Zografou, Athens",cnl_hem_power,3,,37.97951,23.7833,"",2,2018-07-04 07:50:36 UTC,2018-07-04 07:50:36 UTC,
3,ICCS smart plug,"Zografou, Athens",FibaroPlug02,3,,37.979518,23.783403,"",2,2018-05-16 04:54:39 UTC,2018-05-16 04:54:39 UTC,
4,ICCS lab,"Zografou, Athens",cnl_hem,3,,37.979494,23.783337,"",2,2018-05-16 04:54:39 UTC,2018-05-16 04:54:39 UTC,
5,Demo consumer_power,"Zografou, Athens",DemoPlug_power,3,,37.978328,23.782296,"",2,2018-07-03 09:17:20 UTC,2018-07-04 07:57:06 UTC,
6,Demo consumer,"Zografou, Athens",DemoPlug,3,,37.978328,23.782296,"",2,2018-07-03 09:17:20 UTC,2018-07-04 07:57:06 UTC,
1000,Protergeia consumer 0,"Athens",emulation_0_power,5,,37.978328,23.782296,"",3,2018-07-03 09:17:20 UTC,2018-07-04 07:57:06 UTC,
1001,Protergeia consumer 1,"Thessaloniki",emulation_1_power,5,,40.626616, 22.956677,"",3,2018-07-03 09:17:20 UTC,2018-07-04 07:57:06 UTC,
1002,Protergeia consumer 2,"Patras",emulation_2_power,5,,38.246321,21.739779,"",3,2018-07-03 09:17:20 UTC,2018-07-04 07:57:06 UTC,
1003,Protergeia consumer 3,"Piraeus",emulation_3_power,5,,37.940722,23.646139,"",3,2018-07-03 09:17:20 UTC,2018-07-04 07:57:06 UTC,
1004,Protergeia consumer 4,"Larissa",emulation_4_power,5,,39.636395,22.418693,"",3,2018-07-03 09:17:20 UTC,2018-07-04 07:57:06 UTC,
1005,Protergeia consumer 5,"Heraklion",emulation_5_power,5,,35.338967,25.134110,"",3,2018-07-03 09:17:20 UTC,2018-07-04 07:57:06 UTC,
1006,Protergeia consumer 6,"Peristeri",emulation_6_power,5,,38.011793,23.693233,"",3,2018-07-03 09:17:20 UTC,2018-07-04 07:57:06 UTC,
1007,Protergeia consumer 7,"Kallithea",emulation_7_power,5,,37.954531,23.702400,"",3,2018-07-03 09:17:20 UTC,2018-07-04 07:57:06 UTC,
1008,Protergeia consumer 8,"Acharnes",emulation_8_power,5,,38.081203,23.737519,"",3,2018-07-03 09:17:20 UTC,2018-07-04 07:57:06 UTC,
1009,Protergeia consumer 9,"Kalamaria",emulation_9_power,5,,40.582872,22.950807,"",3,2018-07-03 09:17:20 UTC,2018-07-04 07:57:06 UTC,
1010,Protergeia consumer 10,"Nikaia",emulation_10_power,5,,37.968612,23.641645,"",3,2018-07-03 09:17:20 UTC,2018-07-04 07:57:06 UTC,
1011,Protergeia consumer 11,"Glyfada",emulation_11_power,5,,37.861899,23.750594,"",3,2018-07-03 09:17:20 UTC,2018-07-04 07:57:06 UTC,
1012,Protergeia consumer 12,"Volos",emulation_12_power,5,,39.362062,22.937281,"",3,2018-07-03 09:17:20 UTC,2018-07-04 07:57:06 UTC,
1013,Protergeia consumer 13,"Ilio",emulation_13_power,5,,38.032025,23.708147,"",3,2018-07-03 09:17:20 UTC,2018-07-04 07:57:06 UTC,
1014,Protergeia consumer 14,"Ilioupoli",emulation_14_power,5,,37.930405,23.747537,"",3,2018-07-03 09:17:20 UTC,2018-07-04 07:57:06 UTC,
1015,Protergeia consumer 15,"Keratsini",emulation_15_power,5,,37.960630,23.619144,"",3,2018-07-03 09:17:20 UTC,2018-07-04 07:57:06 UTC,
1016,Protergeia consumer 16,"Evosmos",emulation_16_power,5,,40.667862,22.911720,"",3,2018-07-03 09:17:20 UTC,2018-07-04 07:57:06 UTC,
1017,Protergeia consumer 17,"Chalandri",emulation_17_power,5,,38.020912,23.801957,"",3,2018-07-03 09:17:20 UTC,2018-07-04 07:57:06 UTC,
1018,Protergeia consumer 18,"Nea Smyrni",emulation_18_power,5,,37.944929,23.714001,"",3,2018-07-03 09:17:20 UTC,2018-07-04 07:57:06 UTC,
1019,Protergeia consumer 19,"Marousi",emulation_19_power,3,,38.054836,23.807110,"",3,2018-07-03 09:17:20 UTC,2018-07-04 07:57:06 UTC,
5001,HEDNO Commercial MV 5001,Μ.Τ. Περ. Φιλοθέης,5001,2,,38.024273,23.778155,"",1,2017-09-22 12:33:01 UTC,2018-04-17 13:34:54 UTC,
5002,HEDNO Commercial MV 5002,Μ.Τ Περ. Περιστερίου,5002,2,,38.016637,23.696304,"",1,2017-09-22 12:33:01 UTC,2018-04-17 13:35:31 UTC,
5003,HEDNO Commercial MV 5003,Κοζάνης,5003,2,,40.291358,21.788554,"",1,2017-09-22 12:33:01 UTC,2018-04-17 13:36:09 UTC,
5004,HEDNO Commercial MV 5004,Μ.Τ Περ. Αθηνών,5004,2,,37.985556,23.754561,"",1,2017-09-22 12:33:01 UTC,2018-04-17 13:36:42 UTC,
5005,HEDNO Commercial MV 5005,Πτολεμαϊδας,5005,2,,40.514795,21.688447,"",1,2017-09-22 12:33:01 UTC,2018-04-17 13:37:10 UTC,
5006,HEDNO Commercial MV 5006,Κοζάνης,5006,2,,40.300229,21.782159,"",1,2017-09-22 12:33:01 UTC,2018-04-17 13:37:41 UTC,
5007,HEDNO Commercial MV 5007,Κοζάνης,5007,2,,40.298002,21.79572,"",1,2017-09-22 12:33:01 UTC,2018-04-17 13:38:03 UTC,
5008,HEDNO Commercial MV 5008,Μ.Τ Περ. Αθηνών,5008,2,,37.980685,23.705723,"",1,2017-09-22 12:33:01 UTC,2018-04-17 13:38:26 UTC,
5009,HEDNO Commercial MV 5009,Μ.Τ. Περ. Φιλοθέης,5009,2,,38.023597,23.78691,"",1,2017-09-22 12:33:01 UTC,2018-04-17 13:38:55 UTC,
5010,HEDNO Commercial MV 5010,Πάτρας,5010,2,,38.260198,21.747322,"",1,2017-09-22 12:33:01 UTC,2018-04-17 13:39:21 UTC,
5011,HEDNO Commercial MV 5011,Μ.Τ. Περ. Φιλοθέης,5011,2,,38.021162,23.77395,"",1,2017-09-22 12:33:01 UTC,2018-04-17 13:39:49 UTC,
5012,HEDNO Commercial MV 5012,Μ.Τ Περ. Αθηνών,5012,2,,38.006118,23.737996,"",1,2017-09-22 12:33:01 UTC,2018-04-17 13:40:35 UTC,
5013,HEDNO Commercial MV 5013,Καρδίτσας,5013,2,,39.358868,21.924478,"",1,2017-09-22 12:33:01 UTC,2018-04-17 13:41:30 UTC,
5014,HEDNO Commercial MV 5014,Καρδίτσας,5014,2,,39.3734,21.917096,"",1,2017-09-22 12:33:01 UTC,2018-04-17 13:41:57 UTC,
5015,HEDNO Commercial MV 5015,Μ.Τ Περ. Αθηνών,5015,2,,37.1988532,23.714993,"",1,2017-09-22 12:33:01 UTC,2018-04-18 11:02:42 UTC,
5016,HEDNO Commercial MV 5016,Μ.Τ Περ. Αθηνών,5016,2,,,,,1,2017-09-22 12:33:01 UTC,2017-09-22 12:33:01 UTC,
5017,HEDNO Commercial MV 5017,Μ.Τ Περ. Πειραιώς,5017,2,,,,,1,2017-09-22 12:33:01 UTC,2017-09-22 12:33:01 UTC,
5018,HEDNO Commercial MV 5018,Μ.Τ Περ. Πειραιώς,5018,2,,,,,1,2017-09-22 12:33:01 UTC,2017-09-22 12:33:01 UTC,
5019,HEDNO Commercial MV 5019,Μ.Τ Περ. Πειραιώς,5019,2,,,,,1,2017-09-22 12:33:01 UTC,2017-09-22 12:33:01 UTC,
5020,HEDNO Commercial MV 5020,Μ.Τ Περ. Πειραιώς,5020,2,,,,,1,2017-09-22 12:33:01 UTC,2017-09-22 12:33:01 UTC,
5021,HEDNO Commercial MV 5021,Κεντρ. Θεσ/κης,5021,2,,,,,1,2017-09-22 12:33:01 UTC,2017-09-22 12:33:01 UTC,
5022,HEDNO Commercial MV 5022,Κεντρ. Θεσ/κης,5022,2,,,,,1,2017-09-22 12:33:01 UTC,2017-09-22 12:33:01 UTC,
5023,HEDNO Commercial MV 5023,Κεντρ. Θεσ/κης,5023,2,,,,,1,2017-09-22 12:33:01 UTC,2017-09-22 12:33:01 UTC,
5024,HEDNO Commercial MV 5024,Κεντρ. Θεσ/κης,5024,2,,,,,1,2017-09-22 12:33:01 UTC,2017-09-22 12:33:01 UTC,
5025,HEDNO Commercial MV 5025,Κεντρ. Θεσ/κης,5025,2,,,,,1,2017-09-22 12:33:01 UTC,2017-09-22 12:33:01 UTC,
5026,HEDNO Commercial MV 5026,Κεντρ. Θεσ/κης,5026,2,,,,,1,2017-09-22 12:33:01 UTC,2017-09-22 12:33:01 UTC,
5027,HEDNO Commercial MV 5027,Κεντρ. Θεσ/κης,5027,2,,,,,1,2017-09-22 12:33:01 UTC,2017-09-22 12:33:01 UTC,
5028,HEDNO Commercial MV 5028,Κεντρ. Θεσ/κης,5028,2,,,,,1,2017-09-22 12:33:01 UTC,2017-09-22 12:33:01 UTC,
5029,HEDNO Commercial MV 5029,Κεντρ. Θεσ/κης,5029,2,,,,,1,2017-09-22 12:33:01 UTC,2017-09-22 12:33:01 UTC,
5030,HEDNO Commercial MV 5030,Πτολεμαϊδας,5030,2,,,,,1,2017-09-22 12:33:01 UTC,2017-09-22 12:33:01 UTC,
5031,HEDNO Commercial MV 5031,Μ.Τ Περ. Πειραιώς,5031,2,,,,,1,2017-09-22 12:33:01 UTC,2017-09-22 12:33:01 UTC,
5032,HEDNO Commercial MV 5032,Καρδίτσας,5032,2,,,,,1,2017-09-22 12:33:01 UTC,2017-09-22 12:33:01 UTC,
5033,HEDNO Commercial MV 5033,Μ.Τ. Περ. Φιλοθέης,5033,2,,,,,1,2017-09-22 12:33:01 UTC,2017-09-22 12:33:01 UTC,
5034,HEDNO Commercial MV 5034,Πάτρας,5034,2,,,,,1,2017-09-22 12:33:01 UTC,2017-09-22 12:33:01 UTC,
5035,HEDNO Commercial MV 5035,Μ.Τ Περ. Περιστερίου,5035,2,,,,,1,2017-09-22 12:33:01 UTC,2017-09-22 12:33:01 UTC,
5036,HEDNO Commercial MV 5036,Πάτρας,5036,2,,,,,1,2017-09-22 12:33:01 UTC,2017-09-22 12:33:01 UTC,
5037,HEDNO Commercial MV 5037,Πάτρας,5037,2,,,,,1,2017-09-22 12:33:01 UTC,2017-09-22 12:33:01 UTC,
5038,HEDNO Commercial MV 5038,Πάτρας,5038,2,,,,,1,2017-09-22 12:33:01 UTC,2017-09-22 12:33:01 UTC,
5039,HEDNO Commercial MV 5039,Μ.Τ Περ. Περιστερίου,5039,2,,,,,1,2017-09-22 12:33:01 UTC,2017-09-22 12:33:01 UTC,
5040,HEDNO Commercial MV 5040,Μ.Τ Περ. Περιστερίου,5040,2,,,,,1,2017-09-22 12:33:01 UTC,2017-09-22 12:33:01 UTC,
5041,HEDNO Commercial MV 5041,Πάτρας,5041,2,,,,,1,2017-09-22 12:33:01 UTC,2017-09-22 12:33:01 UTC,
5042,HEDNO Commercial MV 5042,Μ.Τ. Περ. Φιλοθέης,5042,2,,,,,1,2017-09-22 12:33:01 UTC,2017-09-22 12:33:01 UTC,
5043,HEDNO Commercial MV 5043,Πτολεμαϊδας,5043,2,,,,,1,2017-09-22 12:33:01 UTC,2017-09-22 12:33:01 UTC,
5044,HEDNO Commercial MV 5044,Κοζάνης,5044,2,,,,,1,2017-09-22 12:33:01 UTC,2017-09-22 12:33:01 UTC,
5045,HEDNO Commercial MV 5045,Καρδίτσας,5045,2,,,,,1,2017-09-22 12:33:01 UTC,2017-09-22 12:33:01 UTC,
5046,HEDNO Commercial MV 5046,Μ.Τ. Περ. Φιλοθέης,5046,2,,,,,1,2017-09-22 12:33:01 UTC,2017-09-22 12:33:01 UTC,
5047,HEDNO Commercial MV 5047,Κεντρ. Θεσ/κης,5047,2,,,,,1,2017-09-22 12:33:01 UTC,2017-09-22 12:33:01 UTC,
5048,HEDNO Commercial MV 5048,Μ.Τ. Περ. Φιλοθέης,5048,2,,,,,1,2017-09-22 12:33:01 UTC,2017-09-22 12:33:01 UTC,
5049,HEDNO Commercial MV 5049,Μ.Τ Περ. Πειραιώς,5049,2,,,,,1,2017-09-22 12:33:01 UTC,2017-09-22 12:33:01 UTC,
5050,HEDNO Commercial MV 5050,Μ.Τ Περ. Αθηνών,5050,2,,,,,1,2017-09-22 12:33:01 UTC,2017-09-22 12:33:01 UTC,
6001,HEDNO Industrial LV 6001,Δυτ. Θεσ/κης,6001,1,,,,,1,2017-09-22 12:33:01 UTC,2017-09-20 13:45:57 UTC,
6002,HEDNO Industrial LV 6002,Λαυρίου,6002,1,,,,,1,2017-09-22 12:33:01 UTC,2017-09-22 12:33:01 UTC,
6003,HEDNO Industrial LV 6003,Δυτ. Θεσ/κης,6003,1,,,,,1,2017-09-22 12:33:01 UTC,2017-09-22 12:33:01 UTC,
6004,HEDNO Industrial LV 6004,Κορωπίου,6004,1,,,,,1,2017-09-22 12:33:01 UTC,2017-09-22 12:33:01 UTC,
6005,HEDNO Industrial LV 6005,Δυτ. Θεσ/κης,6005,1,,,,,1,2017-09-22 12:33:01 UTC,2017-09-22 12:33:01 UTC,
6006,HEDNO Industrial LV 6006,Χαλκίδας,6006,1,,,,,1,2017-09-22 12:33:01 UTC,2017-09-22 12:33:01 UTC,
6007,HEDNO Industrial LV 6007,Δυτ. Θεσ/κης,6007,1,,,,,1,2017-09-22 12:33:01 UTC,2017-09-22 12:33:01 UTC,
6008,HEDNO Industrial LV 6008,Δυτ. Θεσ/κης,6008,1,,,,,1,2017-09-22 12:33:01 UTC,2017-09-22 12:33:01 UTC,
6009,HEDNO Industrial LV 6009,Δυτ. Θεσ/κης,6009,1,,,,,1,2017-09-22 12:33:01 UTC,2017-09-22 12:33:01 UTC,
6010,HEDNO Industrial LV 6010,Καβάλας,6010,1,,,,,1,2017-09-22 12:33:01 UTC,2017-09-22 12:33:01 UTC,
6011,HEDNO Industrial LV 6011,Ορεστιάδας,6011,1,,,,,1,2017-09-22 12:33:01 UTC,2017-09-22 12:33:01 UTC,
6012,HEDNO Industrial LV 6012,Αιγίου,6012,1,,38.249318,22.093737,"",1,2017-09-22 12:33:01 UTC,2018-04-18 11:54:50 UTC,
6013,HEDNO Industrial LV 6013,Φλώρινας,6013,1,,,,,1,2017-09-22 12:33:01 UTC,2017-09-22 12:33:01 UTC,
6014,HEDNO Industrial LV 6014,Δυτ. Θεσ/κης,6014,1,,,,,1,2017-09-22 12:33:01 UTC,2017-09-22 12:33:01 UTC,
6015,HEDNO Industrial LV 6015,Αιγάλεω,6015,1,,37.99596,23.68616,"",1,2017-09-22 12:33:01 UTC,2018-04-18 11:52:31 UTC,
6016,HEDNO Industrial LV 6016,Αιγάλεω,6016,1,,38.000291,23.673114,"",1,2017-09-22 12:33:01 UTC,2018-04-18 11:52:05 UTC,
6017,HEDNO Industrial LV 6017,Κορωπίου,6017,1,,,,,1,2017-09-22 12:33:01 UTC,2017-09-22 12:33:01 UTC,
6018,HEDNO Industrial LV 6018,Δυτ. Θεσ/κης,6018,1,,,,,1,2017-09-22 12:33:01 UTC,2017-09-22 12:33:01 UTC,
6019,HEDNO Industrial LV 6019,Βόλου,6019,1,,,,,1,2017-09-22 12:33:01 UTC,2017-09-22 12:33:01 UTC,
6020,HEDNO Industrial LV 6020,Αγρινίου,6020,1,,38.623446,21.416512,"",1,2017-09-22 12:33:01 UTC,2018-04-18 11:47:28 UTC,
6021,HEDNO Industrial LV 6021,Δυτ. Θεσ/κης,6021,1,,,,,1,2017-09-22 12:33:01 UTC,2017-09-22 12:33:01 UTC,
6022,HEDNO Industrial LV 6022,Κορωπίου,6022,1,,,,,1,2017-09-22 12:33:01 UTC,2017-09-22 12:33:01 UTC,
6023,HEDNO Industrial LV 6023,Αιγίου,6023,1,,38.252489,22.076228,"",1,2017-09-22 12:33:01 UTC,2018-04-18 11:53:54 UTC,
6024,HEDNO Industrial LV 6024,Λαυρίου,6024,1,,,,,1,2017-09-22 12:33:01 UTC,2017-09-22 12:33:01 UTC,
6025,HEDNO Industrial LV 6025,Δυτ. Θεσ/κης,6025,1,,,,,1,2017-09-22 12:33:01 UTC,2017-09-22 12:33:01 UTC,
6026,HEDNO Industrial LV 6026,Δυτ. Θεσ/κης,6026,1,,,,,1,2017-09-22 12:33:01 UTC,2017-09-22 12:33:01 UTC,
6027,HEDNO Industrial LV 6027,Δυτ. Θεσ/κης,6027,1,,,,,1,2017-09-22 12:33:01 UTC,2017-09-22 12:33:01 UTC,
6028,HEDNO Industrial LV 6028,Δυτ. Θεσ/κης,6028,1,,,,,1,2017-09-22 12:33:01 UTC,2017-09-22 12:33:01 UTC,
6029,HEDNO Industrial LV 6029,Πάτρας,6029,1,,,,,1,2017-09-22 12:33:01 UTC,2017-09-22 12:33:01 UTC,
6030,HEDNO Industrial LV 6030,Δυτ. Θεσ/κης,6030,1,,,,,1,2017-09-22 12:33:01 UTC,2017-09-22 12:33:01 UTC,
6031,HEDNO Industrial LV 6031,Δυτ. Θεσ/κης,6031,1,,,,,1,2017-09-22 12:33:01 UTC,2017-09-22 12:33:01 UTC,
6032,HEDNO Industrial LV 6032,Δυτ. Θεσ/κης,6032,1,,,,,1,2017-09-22 12:33:01 UTC,2017-09-22 12:33:01 UTC,
6033,HEDNO Industrial LV 6033,Δυτ. Θεσ/κης,6033,1,,,,,1,2017-09-22 12:33:01 UTC,2017-09-22 12:33:01 UTC,
6034,HEDNO Industrial LV 6034,Αλιβερίου,6034,1,,38.401571,24.044359,"",1,2017-09-22 12:33:01 UTC,2018-04-18 11:56:09 UTC,
6035,HEDNO Industrial LV 6035,Δυτ. Θεσ/κης,6035,1,,,,,1,2017-09-22 12:33:01 UTC,2017-09-22 12:33:01 UTC,
6036,HEDNO Industrial LV 6036,Κορωπίου,6036,1,,,,,1,2017-09-22 12:33:01 UTC,2017-09-22 12:33:01 UTC,
6037,HEDNO Industrial LV 6037,Δυτ. Θεσ/κης,6037,1,,,,,1,2017-09-22 12:33:01 UTC,2017-09-22 12:33:01 UTC,
6038,HEDNO Industrial LV 6038,Κορωπίου,6038,1,,,,,1,2017-09-22 12:33:01 UTC,2017-09-22 12:33:01 UTC,
6039,HEDNO Industrial LV 6039,Κ.Αχαϊας,6039,1,,,,,1,2017-09-22 12:33:01 UTC,2017-09-22 12:33:01 UTC,
6040,HEDNO Industrial LV 6040,Δυτ. Θεσ/κης,6040,1,,,,,1,2017-09-22 12:33:01 UTC,2017-09-22 12:33:01 UTC,
6041,HEDNO Industrial LV 6041,Περιστερίου,6041,1,,,,,1,2017-09-22 12:33:01 UTC,2017-09-22 12:33:01 UTC,
6042,HEDNO Industrial LV 6042,Πάτρας,6042,1,,,,,1,2017-09-22 12:33:01 UTC,2017-09-22 12:33:01 UTC,
6043,HEDNO Industrial LV 6043,Λαυρίου,6043,1,,,,,1,2017-09-22 12:33:01 UTC,2017-09-22 12:33:01 UTC,
6044,HEDNO Industrial LV 6044,Δυτ. Θεσ/κης,6044,1,,,,,1,2017-09-22 12:33:01 UTC,2017-09-22 12:33:01 UTC,
6045,HEDNO Industrial LV 6045,Δυτ. Θεσ/κης,6045,1,,,,,1,2017-09-22 12:33:01 UTC,2017-09-22 12:33:01 UTC,
6046,HEDNO Industrial LV 6046,Δυτ. Θεσ/κης,6046,1,,,,,1,2017-09-22 12:33:01 UTC,2017-09-22 12:33:01 UTC,
6047,HEDNO Industrial LV 6047,Κορωπίου,6047,1,,,,,1,2017-09-22 12:33:01 UTC,2017-09-22 12:33:01 UTC,
6048,HEDNO Industrial LV 6048,Αιγάλεω,6048,1,,37.989329,23.690366,"",1,2017-09-22 12:33:01 UTC,2018-04-18 11:52:59 UTC,
6049,HEDNO Industrial LV 6049,Δυτ. Θεσ/κης,6049,1,,,,,1,2017-09-22 12:33:01 UTC,2017-09-22 12:33:01 UTC,
6050,HEDNO Industrial LV 6050,Δυτ. Θεσ/κης,6050,1,,,,,1,2017-09-22 12:33:01 UTC,2017-09-22 12:33:01 UTC,
7001,HEDNO Industrial MV 7001,Μ.Τ Περ. Περιστερίου,7001,1,,,,,1,2017-09-22 12:33:01 UTC,2017-09-22 12:33:01 UTC,
7002,HEDNO Industrial MV 7002,Δυτ. Θεσ/κης,7002,1,,,,,1,2017-09-22 12:33:01 UTC,2017-09-22 12:33:01 UTC,
7003,HEDNO Industrial MV 7003,Κιλκίς,7003,1,,,,,1,2017-09-22 12:33:01 UTC,2017-09-22 12:33:01 UTC,
7004,HEDNO Industrial MV 7004,Βόλου,7004,1,,,,,1,2017-09-22 12:33:01 UTC,2017-09-22 12:33:01 UTC,
7005,HEDNO Industrial MV 7005,Βόλου,7005,1,,,,,1,2017-09-22 12:33:01 UTC,2017-09-22 12:33:01 UTC,
7006,HEDNO Industrial MV 7006,Βόλου,7006,1,,,,,1,2017-09-22 12:33:01 UTC,2017-09-22 12:33:01 UTC,
7007,HEDNO Industrial MV 7007,Βόλου,7007,1,,,,,1,2017-09-22 12:33:01 UTC,2017-09-22 12:33:01 UTC,
7008,HEDNO Industrial MV 7008,Δυτ. Θεσ/κης,7008,1,,,,,1,2017-09-22 12:33:01 UTC,2017-09-22 12:33:01 UTC,
7009,HEDNO Industrial MV 7009,Κιλκίς,7009,1,,,,,1,2017-09-22 12:33:01 UTC,2017-09-22 12:33:01 UTC,
7010,HEDNO Industrial MV 7010,Δυτ. Θεσ/κης,7010,1,,,,,1,2017-09-22 12:33:01 UTC,2017-09-22 12:33:01 UTC,
7011,HEDNO Industrial MV 7011,Δυτ. Θεσ/κης,7011,1,,,,,1,2017-09-22 12:33:01 UTC,2017-09-22 12:33:01 UTC,
7012,HEDNO Industrial MV 7012,Δυτ. Θεσ/κης,7012,1,,,,,1,2017-09-22 12:33:01 UTC,2017-09-22 12:33:01 UTC,
7013,HEDNO Industrial MV 7013,Κιλκίς,7013,1,,,,,1,2017-09-22 12:33:01 UTC,2017-09-22 12:33:01 UTC,
7014,HEDNO Industrial MV 7014,Κιλκίς,7014,1,,,,,1,2017-09-22 12:33:01 UTC,2017-09-22 12:33:01 UTC,
7015,HEDNO Industrial MV 7015,Κιλκίς,7015,1,,,,,1,2017-09-22 12:33:01 UTC,2017-09-22 12:33:01 UTC,
7016,HEDNO Industrial MV 7016,Κιλκίς,7016,1,,,,,1,2017-09-22 12:33:01 UTC,2017-09-22 12:33:01 UTC,
7017,HEDNO Industrial MV 7017,Κιλκίς,7017,1,,,,,1,2017-09-22 12:33:01 UTC,2017-09-22 12:33:01 UTC,
7018,HEDNO Industrial MV 7018,Κιλκίς,7018,1,,,,,1,2017-09-22 12:33:01 UTC,2017-09-22 12:33:01 UTC,
7019,HEDNO Industrial MV 7019,Κιλκίς,7019,1,,,,,1,2017-09-22 12:33:01 UTC,2017-09-22 12:33:01 UTC,
7020,HEDNO Industrial MV 7020,Κεντρ. Θεσ/κης,7020,1,,,,,1,2017-09-22 12:33:01 UTC,2017-09-22 12:33:01 UTC,
7021,HEDNO Industrial MV 7021,Δυτ. Θεσ/κης,7021,1,,,,,1,2017-09-22 12:33:01 UTC,2017-09-22 12:33:01 UTC,
7022,HEDNO Industrial MV 7022,Αρναίας,7022,1,,40.48803,23.601435,"",1,2017-09-22 12:33:01 UTC,2018-04-18 12:03:42 UTC,
7023,HEDNO Industrial MV 7023,Κιλκίς,7023,1,,,,,1,2017-09-22 12:33:01 UTC,2017-09-22 12:33:01 UTC,
7024,HEDNO Industrial MV 7024,Βόλου,7024,1,,,,,1,2017-09-22 12:33:01 UTC,2017-09-22 12:33:01 UTC,
7025,HEDNO Industrial MV 7025,Μ.Τ Περ. Περιστερίου,7025,1,,,,,1,2017-09-22 12:33:01 UTC,2017-09-22 12:33:01 UTC,
7026,HEDNO Industrial MV 7026,Βόλου,7026,1,,,,,1,2017-09-22 12:33:01 UTC,2017-09-22 12:33:01 UTC,
7027,HEDNO Industrial MV 7027,Βόλου,7027,1,,,,,1,2017-09-22 12:33:01 UTC,2017-09-22 12:33:01 UTC,
7028,HEDNO Industrial MV 7028,Βόλου,7028,1,,,,,1,2017-09-22 12:33:01 UTC,2017-09-22 12:33:01 UTC,
7029,HEDNO Industrial MV 7029,Βόλου,7029,1,,,,,1,2017-09-22 12:33:01 UTC,2017-09-22 12:33:01 UTC,
7030,HEDNO Industrial MV 7030,Πάτρας,7030,1,,,,,1,2017-09-22 12:33:01 UTC,2017-09-22 12:33:01 UTC,
7031,HEDNO Industrial MV 7031,Πάτρας,7031,1,,,,,1,2017-09-22 12:33:01 UTC,2017-09-22 12:33:01 UTC,
7032,HEDNO Industrial MV 7032,Πάτρας,7032,1,,,,,1,2017-09-22 12:33:01 UTC,2017-09-22 12:33:01 UTC,
7033,HEDNO Industrial MV 7033,Πάτρας,7033,1,,,,,1,2017-09-22 12:33:01 UTC,2017-09-22 12:33:01 UTC,
7034,HEDNO Industrial MV 7034,Πάτρας,7034,1,,,,,1,2017-09-22 12:33:01 UTC,2017-09-22 12:33:01 UTC,
7035,HEDNO Industrial MV 7035,Πάτρας,7035,1,,,,,1,2017-09-22 12:33:01 UTC,2017-09-22 12:33:01 UTC,
7036,HEDNO Industrial MV 7036,Πάτρας,7036,1,,,,,1,2017-09-22 12:33:01 UTC,2017-09-22 12:33:01 UTC,
7037,HEDNO Industrial MV 7037,Πάτρας,7037,1,,,,,1,2017-09-22 12:33:01 UTC,2017-09-22 12:33:01 UTC,
7038,HEDNO Industrial MV 7038,Πάτρας,7038,1,,,,,1,2017-09-22 12:33:01 UTC,2017-09-22 12:33:01 UTC,
7039,HEDNO Industrial MV 7039,Πάτρας,7039,1,,,,,1,2017-09-22 12:33:01 UTC,2017-09-22 12:33:01 UTC,
7040,HEDNO Industrial MV 7040,Βόλου,7040,1,,,,,1,2017-09-22 12:33:01 UTC,2017-09-22 12:33:01 UTC,
7041,HEDNO Industrial MV 7041,Μ.Τ Περ. Περιστερίου,7041,1,,,,,1,2017-09-22 12:33:01 UTC,2017-09-22 12:33:01 UTC,
7042,HEDNO Industrial MV 7042,Μ.Τ Περ. Περιστερίου,7042,1,,,,,1,2017-09-22 12:33:01 UTC,2017-09-22 12:33:01 UTC,
7043,HEDNO Industrial MV 7043,Πάτρας,7043,1,,,,,1,2017-09-22 12:33:01 UTC,2017-09-22 12:33:01 UTC,
7044,HEDNO Industrial MV 7044,Κεντρ. Θεσ/κης,7044,1,,,,,1,2017-09-22 12:33:01 UTC,2017-09-22 12:33:01 UTC,
7045,HEDNO Industrial MV 7045,Δυτ. Θεσ/κης,7045,1,,,,,1,2017-09-22 12:33:01 UTC,2017-09-22 12:33:01 UTC,
7046,HEDNO Industrial MV 7046,Βόλου,7046,1,,,,,1,2017-09-22 12:33:01 UTC,2017-09-22 12:33:01 UTC,
7047,HEDNO Industrial MV 7047,Βόλου,7047,1,,,,,1,2017-09-22 12:33:01 UTC,2017-09-22 12:33:01 UTC,
7048,HEDNO Industrial MV 7048,Κιλκίς,7048,1,,,,,1,2017-09-22 12:33:01 UTC,2017-09-22 12:33:01 UTC,
7049,HEDNO Industrial MV 7049,Πάτρας,7049,1,,,,,1,2017-09-22 12:33:01 UTC,2017-09-22 12:33:01 UTC,
7050,HEDNO Industrial MV 7050,Δυτ. Θεσ/κης,7050,1,,,,,1,2017-09-22 12:33:01 UTC,2017-09-22 12:33:01 UTC,
8001,HEDNO Professional 8001,Δυτ. Θεσ/κης,8001,3,,,,,1,2017-09-22 12:33:01 UTC,2017-09-22 12:33:01 UTC,
8002,HEDNO Professional 8002,Κορωπίου,8002,3,,,,,1,2017-09-22 12:33:01 UTC,2017-09-22 12:33:01 UTC,
8003,HEDNO Professional 8003,Καβάλας,8003,3,,,,,1,2017-09-22 12:33:01 UTC,2017-09-22 12:33:01 UTC,
8004,HEDNO Professional 8004,Ν.Ιωνιας,8004,3,,,,,1,2017-09-22 12:33:01 UTC,2017-09-22 12:33:01 UTC,
8005,HEDNO Professional 8005,Βόλου,8005,3,,,,,1,2017-09-22 12:33:01 UTC,2017-09-22 12:33:01 UTC,
8006,HEDNO Professional 8006,Δυτ. Θεσ/κης,8006,3,,,,,1,2017-09-22 12:33:01 UTC,2017-09-22 12:33:01 UTC,
8007,HEDNO Professional 8007,Κορωπίου,8007,3,,,,,1,2017-09-22 12:33:01 UTC,2017-09-22 12:33:01 UTC,
8008,HEDNO Professional 8008,Κορωπίου,8008,3,,,,,1,2017-09-22 12:33:01 UTC,2017-09-22 12:33:01 UTC,
8009,HEDNO Professional 8009,Κορωπίου,8009,3,,,,,1,2017-09-22 12:33:01 UTC,2017-09-22 12:33:01 UTC,
8010,HEDNO Professional 8010,Πάτρας,8010,3,,,,,1,2017-09-22 12:33:01 UTC,2017-09-22 12:33:01 UTC,
8011,HEDNO Professional 8011,Πάτρας,8011,3,,,,,1,2017-09-22 12:33:01 UTC,2017-09-22 12:33:01 UTC,
8012,HEDNO Professional 8012,Δυτ. Θεσ/κης,8012,3,,,,,1,2017-09-22 12:33:01 UTC,2017-09-22 12:33:01 UTC,
8013,HEDNO Professional 8013,Ανατ. Θεσ/κης,8013,3,,40.592139,22.96875,"",1,2017-09-22 12:33:01 UTC,2018-04-18 11:59:07 UTC,
8014,HEDNO Professional 8014,Φλώρινας,8014,3,,,,,1,2017-09-22 12:33:01 UTC,2017-09-22 12:33:01 UTC,
8015,HEDNO Professional 8015,Καλλιθέας,8015,3,,,,,1,2017-09-22 12:33:01 UTC,2017-09-22 12:33:01 UTC,
8016,HEDNO Professional 8016,Αιγάλεω,8016,3,,37.995152,23.670453,"",1,2017-09-22 12:33:01 UTC,2018-04-18 11:51:35 UTC,
8017,HEDNO Professional 8017,Ανατ. Θεσ/κης,8017,3,,40.619317,22.961798,"",1,2017-09-22 12:33:01 UTC,2018-04-18 11:57:35 UTC,
8018,HEDNO Professional 8018,Κορωπίου,8018,3,,,,,1,2017-09-22 12:33:01 UTC,2017-09-22 12:33:01 UTC,
8019,HEDNO Professional 8019,Ανατ. Θεσ/κης,8019,3,,40.600294,22.962571,"",1,2017-09-22 12:33:01 UTC,2018-04-18 11:56:48 UTC,
8020,HEDNO Professional 8020,Πάτρας,8020,3,,,,,1,2017-09-22 12:33:01 UTC,2017-09-22 12:33:01 UTC,
8021,HEDNO Professional 8021,Πάτρας,8021,3,,,,,1,2017-09-22 12:33:01 UTC,2017-09-22 12:33:01 UTC,
8022,HEDNO Professional 8022,Πάτρας,8022,3,,,,,1,2017-09-22 12:33:01 UTC,2017-09-22 12:33:01 UTC,
8023,HEDNO Professional 8023,Κ.Αχαϊας,8023,3,,,,,1,2017-09-22 12:33:01 UTC,2017-09-22 12:33:01 UTC,
8024,HEDNO Professional 8024,Βόλου,8024,3,,,,,1,2017-09-22 12:33:01 UTC,2017-09-22 12:33:01 UTC,
8025,HEDNO Professional 8025,Αγρινίου,8025,3,,38.623243,21.411362,"",1,2017-09-22 12:33:01 UTC,2018-04-18 11:48:05 UTC,
8026,HEDNO Professional 8026,Καβάλας,8026,3,,,,,1,2017-09-22 12:33:01 UTC,2017-09-22 12:33:01 UTC,
8027,HEDNO Professional 8027,Καβάλας,8027,3,,,,,1,2017-09-22 12:33:01 UTC,2017-09-22 12:33:01 UTC,
8028,HEDNO Professional 8028,Γλυφάδας,8028,3,,,,,1,2017-09-22 12:33:01 UTC,2017-09-22 12:33:01 UTC,
8029,HEDNO Professional 8029,Δυτ. Θεσ/κης,8029,3,,,,,1,2017-09-22 12:33:01 UTC,2017-09-22 12:33:01 UTC,
8030,HEDNO Professional 8030,Ανατ. Θεσ/κης,8030,3,,40.601069,22.952442,"",1,2017-09-22 12:33:01 UTC,2018-04-18 11:58:43 UTC,
8031,HEDNO Professional 8031,Πάτρας,8031,3,,,,,1,2017-09-22 12:33:01 UTC,2017-09-22 12:33:01 UTC,
8032,HEDNO Professional 8032,Δυτ. Θεσ/κης,8032,3,,,,,1,2017-09-22 12:33:01 UTC,2017-09-22 12:33:01 UTC,
8033,HEDNO Professional 8033,Κορωπίου,8033,3,,,,,1,2017-09-22 12:33:01 UTC,2017-09-22 12:33:01 UTC,
8034,HEDNO Professional 8034,Καλλιθέας,8034,3,,,,,1,2017-09-22 12:33:01 UTC,2017-09-22 12:33:01 UTC,
8035,HEDNO Professional 8035,Αιγάλεω,8035,3,,37.988677,23.676552,"",1,2017-09-22 12:33:01 UTC,2018-04-18 11:51:00 UTC,
8036,HEDNO Professional 8036,Πάτρας,8036,3,,,,,1,2017-09-22 12:33:01 UTC,2017-09-22 12:33:01 UTC,
8037,HEDNO Professional 8037,Λάρισας,8037,3,,,,,1,2017-09-22 12:33:01 UTC,2017-09-22 12:33:01 UTC,
8038,HEDNO Professional 8038,Δυτ. Θεσ/κης,8038,3,,,,,1,2017-09-22 12:33:01 UTC,2017-09-22 12:33:01 UTC,
8039,HEDNO Professional 8039,Δυτ. Θεσ/κης,8039,3,,,,,1,2017-09-22 12:33:01 UTC,2017-09-22 12:33:01 UTC,
8040,HEDNO Professional 8040,Αιγίου,8040,3,,38.250061,22.084725,"",1,2017-09-22 12:33:01 UTC,2018-04-18 11:54:17 UTC,
8041,HEDNO Professional 8041,Βόλου,8041,3,,,,,1,2017-09-22 12:33:01 UTC,2017-09-22 12:33:01 UTC,
8042,HEDNO Professional 8042,Φλώρινας,8042,3,,,,,1,2017-09-22 12:33:01 UTC,2017-09-22 12:33:01 UTC,
8043,HEDNO Professional 8043,Φλώρινας,8043,3,,,,,1,2017-09-22 12:33:01 UTC,2017-09-22 12:33:01 UTC,
8044,HEDNO Professional 8044,Λάρισας,8044,3,,,,,1,2017-09-22 12:33:01 UTC,2017-09-22 12:33:01 UTC,
8045,HEDNO Professional 8045,Κορωπίου,8045,3,,,,,1,2017-09-22 12:33:01 UTC,2017-09-22 12:33:01 UTC,
8046,HEDNO Professional 8046,Κορωπίου,8046,3,,,,,1,2017-09-22 12:33:01 UTC,2017-09-22 12:33:01 UTC,
8047,HEDNO Professional 8047,Βόλου,8047,3,,,,,1,2017-09-22 12:33:01 UTC,2017-09-22 12:33:01 UTC,
8048,HEDNO Professional 8048,Αιγίου,8048,3,,38.249988,22.085326,"",1,2017-09-22 12:33:01 UTC,2018-04-18 11:55:33 UTC,
8049,HEDNO Professional 8049,Ανατ. Θεσ/κης,8049,3,,40.608916,22.979978,"",1,2017-09-22 12:33:01 UTC,2018-04-18 11:59:40 UTC,
8050,HEDNO Professional 8050,Αιγίου,8050,3,,38.253158,22.08833,"",1,2017-09-22 12:33:01 UTC,2018-04-18 11:55:11 UTC,
9001,HEDNO Public lighting 9001,Γυθείου,9001,4,,,,,1,2017-09-22 12:33:01 UTC,2017-09-22 12:33:01 UTC,
9002,HEDNO Public lighting 9002,Τρίπολης,9002,4,,,,,1,2017-09-22 12:33:01 UTC,2017-09-22 12:33:01 UTC,
9003,HEDNO Public lighting 9003,Γυθείου,9003,4,,,,,1,2017-09-22 12:33:01 UTC,2017-09-22 12:33:01 UTC,
9004,HEDNO Public lighting 9004,Ηγουμενίτσας,9004,4,,,,,1,2017-09-22 12:33:01 UTC,2017-09-22 12:33:01 UTC,
9005,HEDNO Public lighting 9005,Ναυπάκτου,9005,4,,,,,1,2017-09-22 12:33:01 UTC,2017-09-22 12:33:01 UTC,
9006,HEDNO Public lighting 9006,Πειραιώς,9006,4,,,,,1,2017-09-22 12:33:01 UTC,2017-09-22 12:33:01 UTC,
9007,HEDNO Public lighting 9007,Τρίπολης,9007,4,,,,,1,2017-09-22 12:33:01 UTC,2017-09-22 12:33:01 UTC,
9008,HEDNO Public lighting 9008,Ηγουμενίτσας,9008,4,,,,,1,2017-09-22 12:33:01 UTC,2017-09-22 12:33:01 UTC,
9009,HEDNO Public lighting 9009,Αριδαίας,9009,4,,40.970033,22.055022,"",1,2017-09-22 12:33:01 UTC,2018-04-18 12:00:28 UTC,
9010,HEDNO Public lighting 9010,Χαλκίδας,9010,4,,,,,1,2017-09-22 12:33:01 UTC,2017-09-22 12:33:01 UTC,
9011,HEDNO Public lighting 9011,Βόλου,9011,4,,,,,1,2017-09-22 12:33:01 UTC,2017-09-22 12:33:01 UTC,
9012,HEDNO Public lighting 9012,Τρικάλων,9012,4,,,,,1,2017-09-22 12:33:01 UTC,2017-09-22 12:33:01 UTC,
9013,HEDNO Public lighting 9013,Πύργου,9013,4,,,,,1,2017-09-22 12:33:01 UTC,2017-09-22 12:33:01 UTC,
9014,HEDNO Public lighting 9014,Πύργου,9014,4,,,,,1,2017-09-22 12:33:01 UTC,2017-09-22 12:33:01 UTC,
9015,HEDNO Public lighting 9015,Πύργου,9015,4,,,,,1,2017-09-22 12:33:01 UTC,2017-09-22 12:33:01 UTC,
9016,HEDNO Public lighting 9016,Άρτας,9016,4,,,,,1,2017-09-22 12:33:01 UTC,2017-09-22 12:33:01 UTC,
9017,HEDNO Public lighting 9017,Πύργου,9017,4,,,,,1,2017-09-22 12:33:01 UTC,2017-09-22 12:33:01 UTC,
9018,HEDNO Public lighting 9018,Ναυπλίου,9018,4,,,,,1,2017-09-22 12:33:01 UTC,2017-09-22 12:33:01 UTC,
9019,HEDNO Public lighting 9019,Δυτ. Θεσ/κης,9019,4,,,,,1,2017-09-22 12:33:01 UTC,2017-09-22 12:33:01 UTC,
9020,HEDNO Public lighting 9020,Χαλανδρίου,9020,4,,,,,1,2017-09-22 12:33:01 UTC,2017-09-22 12:33:01 UTC,
9021,HEDNO Public lighting 9021,Πύργου,9021,4,,,,,1,2017-09-22 12:33:01 UTC,2017-09-22 12:33:01 UTC,
9022,HEDNO Public lighting 9022,Πύργου,9022,4,,,,,1,2017-09-22 12:33:01 UTC,2017-09-22 12:33:01 UTC,
9023,HEDNO Public lighting 9023,Λεχαινών,9023,4,,,,,1,2017-09-22 12:33:01 UTC,2017-09-22 12:33:01 UTC,
9024,HEDNO Public lighting 9024,Ηγουμενίτσας,9024,4,,,,,1,2017-09-22 12:33:01 UTC,2017-09-22 12:33:01 UTC,
9025,HEDNO Public lighting 9025,Άρτας,9025,4,,,,,1,2017-09-22 12:33:01 UTC,2017-09-22 12:33:01 UTC,
9026,HEDNO Public lighting 9026,Βόλου,9026,4,,,,,1,2017-09-22 12:33:01 UTC,2017-09-22 12:33:01 UTC,
9027,HEDNO Public lighting 9027,Κεντρ. Θεσ/κης,9027,4,,,,,1,2017-09-22 12:33:01 UTC,2017-09-22 12:33:01 UTC,
9028,HEDNO Public lighting 9028,Μεγάρων,9028,4,,,,,1,2017-09-22 12:33:01 UTC,2017-09-22 12:33:01 UTC,
9029,HEDNO Public lighting 9029,Γυθείου,9029,4,,,,,1,2017-09-22 12:33:01 UTC,2017-09-22 12:33:01 UTC,
9030,HEDNO Public lighting 9030,Αριδαίας,9030,4,,40.974697,22.064463,"",1,2017-09-22 12:33:01 UTC,2018-04-18 12:00:47 UTC,
9031,HEDNO Public lighting 9031,Κορίνθου,9031,4,,,,,1,2017-09-22 12:33:01 UTC,2017-09-22 12:33:01 UTC,
9032,HEDNO Public lighting 9032,Πειραιώς,9032,4,,,,,1,2017-09-22 12:33:01 UTC,2017-09-22 12:33:01 UTC,
9033,HEDNO Public lighting 9033,Χανίων,9033,4,,,,,1,2017-09-22 12:33:01 UTC,2017-09-22 12:33:01 UTC,
9034,HEDNO Public lighting 9034,Πύργου,9034,4,,,,,1,2017-09-22 12:33:01 UTC,2017-09-22 12:33:01 UTC,
9035,HEDNO Public lighting 9035,Κεντρ. Θεσ/κης,9035,4,,,,,1,2017-09-22 12:33:01 UTC,2017-09-22 12:33:01 UTC,
9036,HEDNO Public lighting 9036,Αταλάντης,9036,4,,,,,1,2017-09-22 12:33:01 UTC,2017-09-22 12:33:01 UTC,
9037,HEDNO Public lighting 9037,Έδεσσας,9037,4,,,,,1,2017-09-22 12:33:01 UTC,2017-09-22 12:33:01 UTC,
9038,HEDNO Public lighting 9038,Ν.Μουδανιών,9038,4,,,,,1,2017-09-22 12:33:01 UTC,2017-09-22 12:33:01 UTC,
9039,HEDNO Public lighting 9039,Ν.Μουδανιών,9039,4,,,,,1,2017-09-22 12:33:01 UTC,2017-09-22 12:33:01 UTC,
9040,HEDNO Public lighting 9040,Άρτας,9040,4,,39.157425,20.995194,"",1,2017-09-22 12:33:01 UTC,2018-04-18 12:01:55 UTC,
9041,HEDNO Public lighting 9041,Πύργου,9041,4,,,,,1,2017-09-22 12:33:01 UTC,2017-09-22 12:33:01 UTC,
9042,HEDNO Public lighting 9042,Πύργου,9042,4,,,,,1,2017-09-22 12:33:01 UTC,2017-09-22 12:33:01 UTC,
9043,HEDNO Public lighting 9043,Πύργου,9043,4,,,,,1,2017-09-22 12:33:01 UTC,2017-09-22 12:33:01 UTC,
9044,HEDNO Public lighting 9044,Άρτας,9044,4,,39.157425,20.995194,"",1,2017-09-22 12:33:01 UTC,2018-04-18 12:02:58 UTC,
9045,HEDNO Public lighting 9045,Πύργου,9045,4,,,,,1,2017-09-22 12:33:01 UTC,2017-09-22 12:33:01 UTC,
9046,HEDNO Public lighting 9046,Πύργου,9046,4,,,,,1,2017-09-22 12:33:01 UTC,2017-09-22 12:33:01 UTC,
10001,HEDNO Residential 10001,Δράμας,10001,5,,,,,1,2017-09-22 12:33:01 UTC,2017-09-22 12:33:01 UTC,
10002,HEDNO Residential 10002,Ανατ. Θεσ/κης,10002,5,,40.610067,22.960511,"",1,2017-09-22 12:33:01 UTC,2018-04-18 11:57:13 UTC,
10003,HEDNO Residential 10003,Κηφισιάς,10003,5,,,,,1,2017-09-22 12:33:01 UTC,2017-09-22 12:33:01 UTC,
10004,HEDNO Residential 10004,Λ.Πύργου,10004,5,,,,,1,2017-09-22 12:33:01 UTC,2017-09-22 12:33:01 UTC,
10005,HEDNO Residential 10005,Ωρωπού,10005,5,,,,,1,2017-09-22 12:33:01 UTC,2017-09-22 12:33:01 UTC,
10006,HEDNO Residential 10006,Ξυλοκάστρου,10006,5,,,,,1,2017-09-22 12:33:01 UTC,2017-09-22 12:33:01 UTC,
10007,HEDNO Residential 10007,Κορωπίου,10007,5,,,,,1,2017-09-22 12:33:01 UTC,2017-09-22 12:33:01 UTC,
10008,HEDNO Residential 10008,Κηφισιάς,10008,5,,,,,1,2017-09-22 12:33:01 UTC,2017-09-22 12:33:01 UTC,
10009,HEDNO Residential 10009,Γλυφάδας,10009,5,,,,,1,2017-09-22 12:33:01 UTC,2017-09-22 12:33:01 UTC,
10010,HEDNO Residential 10010,Καλλιθέας,10010,5,,,,,1,2017-09-22 12:33:01 UTC,2017-09-22 12:33:01 UTC,
10011,HEDNO Residential 10011,Χαλανδρίου,10011,5,,,,,1,2017-09-22 12:33:01 UTC,2017-09-22 12:33:01 UTC,
10012,HEDNO Residential 10012,Ανατ. Θεσ/κης,10012,5,,40.610585,22.9527,"",1,2017-09-22 12:33:01 UTC,2018-04-18 11:58:14 UTC,
10013,HEDNO Residential 10013,Κορωπίου,10013,5,,,,,1,2017-09-22 12:33:01 UTC,2017-09-22 12:33:01 UTC,
10014,HEDNO Residential 10014,Κηφισιάς,10014,5,,,,,1,2017-09-22 12:33:01 UTC,2017-09-22 12:33:01 UTC,
10015,HEDNO Residential 10015,Αθηνών,10015,5,,37.991376,23.749418,"",1,2017-09-22 12:33:01 UTC,2018-04-18 11:50:22 UTC,
10016,HEDNO Residential 10016,Κορωπίου,10016,5,,,,,1,2017-09-22 12:33:01 UTC,2017-09-22 12:33:01 UTC,
10017,HEDNO Residential 10017,Κηφισιάς,10017,5,,,,,1,2017-09-22 12:33:01 UTC,2017-09-22 12:33:01 UTC,
10018,HEDNO Residential 10018,Κηφισιάς,10018,5,,,,,1,2017-09-22 12:33:01 UTC,2017-09-22 12:33:01 UTC,
10019,HEDNO Residential 10019,Θηβών,10019,5,,,,,1,2017-09-22 12:33:01 UTC,2017-09-22 12:33:01 UTC,
10020,HEDNO Residential 10020,Γλυφάδας,10020,5,,,,,1,2017-09-22 12:33:01 UTC,2017-09-22 12:33:01 UTC,
10021,HEDNO Residential 10021,Γλυφάδας,10021,5,,,,,1,2017-09-22 12:33:01 UTC,2017-09-22 12:33:01 UTC,
10022,HEDNO Residential 10022,Κηφισιάς,10022,5,,,,,1,2017-09-22 12:33:01 UTC,2017-09-22 12:33:01 UTC,
10023,HEDNO Residential 10023,Κηφισιάς,10023,5,,,,,1,2017-09-22 12:33:01 UTC,2017-09-22 12:33:01 UTC,
10024,HEDNO Residential 10024,Κηφισιάς,10024,5,,,,,1,2017-09-22 12:33:01 UTC,2017-09-22 12:33:01 UTC,
10025,HEDNO Residential 10025,Κηφισιάς,10025,5,,,,,1,2017-09-22 12:33:01 UTC,2017-09-22 12:33:01 UTC,
10026,HEDNO Residential 10026,Κομοτηνής,10026,5,,,,,1,2017-09-22 12:33:01 UTC,2017-09-22 12:33:01 UTC,
10027,HEDNO Residential 10027,Πελ.Αχαρνών,10027,5,,,,,1,2017-09-22 12:33:01 UTC,2017-09-22 12:33:01 UTC,
10028,HEDNO Residential 10028,Κηφισιάς,10028,5,,,,,1,2017-09-22 12:33:01 UTC,2017-09-22 12:33:01 UTC,
10029,HEDNO Residential 10029,Αθηνών,10029,5,,37.994219,23.729677,"",1,2017-09-22 12:33:01 UTC,2018-04-18 11:49:54 UTC,
10030,HEDNO Residential 10030,Κηφισιάς,10030,5,,,,,1,2017-09-22 12:33:01 UTC,2017-09-22 12:33:01 UTC,
10031,HEDNO Residential 10031,Γλυφάδας,10031,5,,,,,1,2017-09-22 12:33:01 UTC,2017-09-22 12:33:01 UTC,
10032,HEDNO Residential 10032,Δράμας,10032,5,,,,,1,2017-09-22 12:33:01 UTC,2017-09-22 12:33:01 UTC,
10033,HEDNO Residential 10033,Γλυφάδας,10033,5,,,,,1,2017-09-22 12:33:01 UTC,2017-09-22 12:33:01 UTC,
10034,HEDNO Residential 10034,Γλυφάδας,10034,5,,,,,1,2017-09-22 12:33:01 UTC,2017-09-22 12:33:01 UTC,
10035,HEDNO Residential 10035,Κηφισιάς,10035,5,,,,,1,2017-09-22 12:33:01 UTC,2017-09-22 12:33:01 UTC,
10036,HEDNO Residential 10036,Χαλανδρίου,10036,5,,,,,1,2017-09-22 12:33:01 UTC,2017-09-22 12:33:01 UTC,
10037,HEDNO Residential 10037,Αγ.Δημητρίου,10037,5,,37.941112,23.732509,"",1,2017-09-22 12:33:01 UTC,2018-04-17 14:37:03 UTC,
10038,HEDNO Residential 10038,Κηφισιάς,10038,5,,,,,1,2017-09-22 12:33:01 UTC,2017-09-22 12:33:01 UTC,
10039,HEDNO Residential 10039,Κηφισιάς,10039,5,,,,,1,2017-09-22 12:33:01 UTC,2017-09-22 12:33:01 UTC,
10040,HEDNO Residential 10040,Χαλανδρίου,10040,5,,,,,1,2017-09-22 12:33:01 UTC,2017-09-22 12:33:01 UTC,
10041,HEDNO Residential 10041,Σπάρτης,10041,5,,,,,1,2017-09-22 12:33:01 UTC,2017-09-22 12:33:01 UTC,
10042,HEDNO Residential 10042,Ναυπλίου,10042,5,,,,,1,2017-09-22 12:33:01 UTC,2017-09-22 12:33:01 UTC,
10043,HEDNO Residential 10043,Αθηνών,10043,5,,37.98049,23.730278,"",1,2017-09-22 12:33:01 UTC,2018-04-18 11:49:06 UTC,
10044,HEDNO Residential 10044,Χίου,10044,5,,,,,1,2017-09-22 12:33:01 UTC,2017-09-22 12:33:01 UTC,
10045,HEDNO Residential 10045,Αθηνών,10045,5,,37.985562,23.725986,"",1,2017-09-22 12:33:01 UTC,2018-04-18 11:49:28 UTC,
10046,HEDNO Residential 10046,Αταλάντης,10046,5,,,,,1,2017-09-22 12:33:01 UTC,2017-09-22 12:33:01 UTC,
10047,HEDNO Residential 10047,Γλυφάδας,10047,5,,,,,1,2017-09-22 12:33:01 UTC,2017-09-22 12:33:01 UTC,
10048,HEDNO Residential 10048,Γλυφάδας,10048,5,,,,,1,2017-09-22 12:33:01 UTC,2017-09-22 12:33:01 UTC,
10049,HEDNO Residential 10049,Αγρινίου,10049,5,,38.62874,21.405525,"",1,2017-09-22 12:33:01 UTC,2018-04-18 11:48:31 UTC,
10050,HEDNO Residential 10050,Χαλανδρίου,10050,5,,,,,1,2017-09-22 12:33:01 UTC,2017-09-22 12:33:01 UTC,
